{
"custom.donation":{
	"sounds":[{"name":"custom/donation","stream":true}],"category":"master"},
"custom.elevatormusic":{
	"sounds":[{"name":"custom/elevatorMusic","stream":true}],"category":"master"},
"custom.airhorn":{
	"sounds":[{"name":"custom/airhorn","stream":false}],"category":"master"},
"custom.potcbt":{
	"sounds":[{"name":"custom/potcbt","stream":true}],"category":"master"},
"custom.tazer":{
	"sounds":[{"name":"custom/tazer","stream":false}],"category":"master"},
"custom.bow":{
	"sounds":[{"name":"custom/bow","stream":false}],"category":"master"},
"custom.allahuakbar":{
	"sounds":[{"name":"custom/allahuakbar","stream":false}],"category":"master"},
"custom.box":{
	"sounds":[{"name":"custom/box","stream":true}],"category":"master"},
"custom.darudesandstormloop":{
	"sounds":[{"name":"custom/darudesandstormloop","stream":true}],"category":"master"},
"custom.darudesandstormstart":{
	"sounds":[{"name":"custom/darudesandstormstart","stream":true}],"category":"master"},
"custom.justdoit":{
	"sounds":[{"name":"custom/justdoit","stream":false}],"category":"master"},
"custom.sadairhorn":{
	"sounds":[{"name":"custom/sadairhorn","stream":false}],"category":"master"},
"custom.mlgairhorn":{
	"sounds":[{"name":"custom/mlgairhorn","stream":false}],"category":"master"},
"custom.normalairhorn":{
	"sounds":[{"name":"custom/airhorn","stream":false}],"category":"master"},
"custom.ripairhorn":{
	"sounds":[{"name":"custom/ripairhorn","stream":false}],"category":"master"},
"custom.xfilesairhorn":{
	"sounds":[{"name":"custom/xfilesairhorn","stream":false}],"category":"master"},
"custom.darudeairhorn":{
	"sounds":[{"name":"custom/darudeairhorn","stream":false}],"category":"master"}
}