{
	"credit": "Made with Blockbench",
	"parent": "Paper",
	"textures": {
		"6": "item/bug_token"
	},
	"elements": [
		{
			"from": [8, 0, 1],
			"to": [8, 11, 14],
			"faces": {
				"north": {"uv": [0, 0, 0, 11], "texture": "#missing"},
				"east": {"uv": [0, 0, 16, 16], "texture": "#6"},
				"south": {"uv": [0, 0, 0, 11], "texture": "#missing"},
				"west": {"uv": [16, 0, 0, 16], "texture": "#6"},
				"up": {"uv": [0, 0, 0, 13], "texture": "#missing"},
				"down": {"uv": [0, 0, 0, 13], "texture": "#missing"}
			}
		}
	],
	"display": {
		"thirdperson_righthand": {
			"rotation": [0, 56, 0],
			"translation": [0, 5.5, 0],
			"scale": [0.34, 0.84, 0.84]
		},
		"thirdperson_lefthand": {
			"rotation": [0, 60, 0],
			"translation": [0, 3.75, 0],
			"scale": [0.34, 0.84, 0.84]
		},
		"firstperson_righthand": {
			"rotation": [0, -131, 20],
			"translation": [2, 4, 0],
			"scale": [0.26, 0.55, 0.55]
		},
		"firstperson_lefthand": {
			"rotation": [1, 42, -25],
			"translation": [2.75, 3.5, 0],
			"scale": [0.2, 0.55, 0.55]
		},
		"ground": {
			"translation": [0, 6, 0],
			"scale": [0.51, 1, 1]
		},
		"gui": {
			"rotation": [0, -90, 0],
			"translation": [-0.5, 2.75, 0],
			"scale": [0.87, 1.04, 1.04]
		},
		"fixed": {
			"rotation": [0, 90, 0],
			"translation": [0, 2.5, 0]
		}
	}
}