{
	"credit": "Made with Blockbench",
	"textures": {
		"6": "item/tazer"
	},
	"elements": [
		{
			"name": "Chassis striped",
			"from": [7.25, 8, 4],
			"to": [8.75, 9, 6],
			"faces": {
				"north": {"uv": [4, 5, 5.5, 6], "texture": "#6"},
				"east": {"uv": [0, 4, 2, 5], "texture": "#6", "cullface": "east"},
				"south": {"uv": [6, 0, 7.5, 1], "texture": "#6"},
				"west": {"uv": [4, 0, 6, 1], "texture": "#6"},
				"up": {"uv": [1.5, 2, 0, 0], "texture": "#6"},
				"down": {"uv": [1.5, 2, 0, 4], "texture": "#6"}
			}
		},
		{
			"from": [7.45, 6, 7.1],
			"to": [8.55, 7.75, 8.1],
			"faces": {
				"north": {"uv": [4, 1, 5.125, 2.75], "texture": "#6"},
				"east": {"uv": [1, 5, 2, 6.75], "texture": "#6", "cullface": "east"},
				"south": {"uv": [2, 4, 3.125, 5.75], "texture": "#6"},
				"west": {"uv": [5, 3, 6, 4.75], "texture": "#6"},
				"up": {"uv": [7.125, 3, 6, 2], "texture": "#6"},
				"down": {"uv": [7.125, 3, 6, 4], "texture": "#6"}
			}
		},
		{
			"from": [7.5, 6.05, 7],
			"to": [8.5, 8, 8],
			"faces": {
				"north": {"uv": [2, 0, 3, 2], "texture": "#6"},
				"east": {"uv": [2, 2, 3, 4], "texture": "#6", "cullface": "east"},
				"south": {"uv": [3, 0, 4, 2], "texture": "#6"},
				"west": {"uv": [3, 2, 4, 4], "texture": "#6"},
				"up": {"uv": [7, 7, 6, 6], "texture": "#6"},
				"down": {"uv": [1, 7, 0, 8], "texture": "#6"}
			}
		},
		{
			"from": [7.5, 8, 6],
			"to": [8.5, 8.8, 7.9],
			"faces": {
				"north": {"uv": [7, 4, 8, 4.75], "texture": "#6"},
				"east": {"uv": [6, 1, 7.875, 1.75], "texture": "#6", "cullface": "east"},
				"south": {"uv": [5, 7, 6, 7.75], "texture": "#6"},
				"west": {"uv": [2, 6, 3.875, 6.75], "texture": "#6"},
				"up": {"uv": [5, 4.875, 4, 3], "texture": "#6"},
				"down": {"uv": [1, 5, 0, 6.875], "texture": "#6"}
			}
		},
		{
			"name": "Prong 1",
			"from": [8.25, 8.1, 3.5],
			"to": [8.5, 8.9, 4.5],
			"faces": {
				"north": {"uv": [1, 8, 1.25, 8.75], "texture": "#6"},
				"east": {"uv": [1, 7, 2, 7.75], "texture": "#6", "cullface": "east"},
				"south": {"uv": [8, 1, 8.25, 1.75], "texture": "#6"},
				"west": {"uv": [2, 7, 3, 7.75], "texture": "#6"},
				"up": {"uv": [7.25, 7, 7, 6], "texture": "#6"},
				"down": {"uv": [7.25, 7, 7, 8], "texture": "#6"}
			}
		},
		{
			"name": "Prong 2",
			"from": [7.5, 8.1, 3.5],
			"to": [7.75, 8.9, 4.5],
			"faces": {
				"north": {"uv": [2, 8, 2.25, 8.75], "texture": "#6"},
				"east": {"uv": [3, 7, 4, 7.75], "texture": "#6", "cullface": "east"},
				"south": {"uv": [8, 2, 8.25, 2.75], "texture": "#6"},
				"west": {"uv": [4, 7, 5, 7.75], "texture": "#6"},
				"up": {"uv": [0.25, 9, 0, 8], "texture": "#6"},
				"down": {"uv": [8.25, 0, 8, 1], "texture": "#6"}
			}
		},
		{
			"name": "Front Trigger Guard",
			"from": [7.5, 7, 6],
			"to": [8.5, 8, 6.1],
			"faces": {
				"north": {"uv": [4, 6, 5, 7], "texture": "#6"},
				"east": {"uv": [3, 8, 3.125, 9], "texture": "#6", "cullface": "east"},
				"south": {"uv": [6, 4, 7, 5], "texture": "#6"},
				"west": {"uv": [8, 3, 8.125, 4], "texture": "#6"},
				"up": {"uv": [5, 8.125, 4, 8], "texture": "#6"},
				"down": {"uv": [9, 4, 8, 4.125], "texture": "#6"}
			}
		},
		{
			"name": "Lower Trigger Guard",
			"from": [7.5, 7, 6],
			"to": [8.5, 7.1, 7],
			"faces": {
				"north": {"uv": [5, 8, 6, 8.125], "texture": "#6"},
				"east": {"uv": [8, 5, 9, 5.125], "texture": "#6", "cullface": "east"},
				"south": {"uv": [6, 8, 7, 8.125], "texture": "#6"},
				"west": {"uv": [8, 6, 9, 6.125], "texture": "#6"},
				"up": {"uv": [6, 7, 5, 6], "texture": "#6"},
				"down": {"uv": [7, 5, 6, 6], "texture": "#6"}
			}
		},
		{
			"name": "Trigger",
			"from": [7.85, 7, 6.5],
			"to": [8.15, 8, 6.6],
			"faces": {
				"north": {"uv": [7, 5, 7.25, 6], "texture": "#6"},
				"east": {"uv": [7, 8, 7.125, 9], "texture": "#6", "cullface": "east"},
				"south": {"uv": [6, 7, 6.25, 8], "texture": "#6"},
				"west": {"uv": [8, 7, 8.125, 8], "texture": "#6"},
				"up": {"uv": [8.25, 8.125, 8, 8], "texture": "#6"},
				"down": {"uv": [0.25, 9, 0, 9.125], "texture": "#6"}
			}
		}
	],
	"display": {
		"thirdperson_righthand": {
			"translation": [0, 0.25, 1.75],
			"scale": [1.54, 1.54, 1.54]
		},
		"thirdperson_lefthand": {
			"translation": [0, 0.25, 1.75],
			"scale": [1.54, 1.54, 1.54]
		},
		"firstperson_righthand": {
			"translation": [-2, 0, 0],
			"scale": [1.54, 1.54, 1.59]
		},
		"firstperson_lefthand": {
			"translation": [2, 0, 0],
			"scale": [1.54, 1.54, 1.54]
		},
		"ground": {
			"scale": [1.5, 1.5, 1.5]
		},
		"gui": {
			"rotation": [-43, -108, -72],
			"translation": [-6.5, -0.75, 0],
			"scale": [3, 3, 3]
		},
		"fixed": {
			"rotation": [0, 90, 0],
			"translation": [2, 0, 0],
			"scale": [1.54, 1.54, 1.54]
		}
	},
	"groups": [
		{
			"name": "group",
			"origin": [8, 8, 8],
			"color": 0,
			"nbt": "{}",
			"children": [
				0,
				1,
				2,
				3,
				4,
				5,
				6,
				7,
				8,
				{
					"name": "Chassis",
					"origin": [0, 0, 0],
					"color": 0,
					"nbt": "{}",
					"children": []
				},
				{
					"name": "Prongs",
					"origin": [0, 0, 0],
					"color": 0,
					"nbt": "{}",
					"children": []
				},
				{
					"name": "Trigger Group",
					"origin": [0, 0, 0],
					"color": 0,
					"nbt": "{}",
					"children": []
				}
			]
		}
	]
}